id,name,frequency
1,"KISSINGER, HENRY A",30004
2,"CARTER, JIMMY",15282
3,"VANCE, CYRUS R",14944
4,"FORD, GERALD R",6235
5,"SADAT, ANWAR",4676
6,"MONDALE, WALTER F",4066
7,"YOUNG, ANDREW",2806
8,"WALDHEIM, KURT",2058
9,"NIXON, RICHARD M",2042
10,"VANCE, CYRUS",1967
11,"CHENG, KIAC",1867
12,HUSSEIN I,1853
13,"CHRISTOPHER, WARREN",1443
14,"BEACH, P E",1439
15,"CARTER, ROSALYNN",1412
16,"PAHLAVI, MOHAMMAD REZA",1388
17,"SCHMIDT, HELMUT",1379
18,"NYERERE, JULIUS K",1332
19,"FAHMY, ISMAIL",1314
20,"SIMON, WILLIAM E",1295
21,"BREZHNEV, LEONID I",1291
22,"BLUMENTHAL, W MICHAEL",1188
23,"ROCKEFELLER, NELSON A",1130
24,MOBUTU SESE SEKO,1116
25,"BEGIN, MENACHEM",1114
26,"ATHERTON, ALFRED L JR",1083
27,"KAUNDA, KENNETH DAVID",1083
28,"ROBINSON, CHARLES W",1078
29,"DAYAN, MOSHE",1025
30,"NEWSOM, DAVID D",993
31,"MOOSE, RICHARD M",967
32,"SO, ANTONIO P",965
33,"MARCOS, FERDINAND",951
34,"WOLFF, LESTER L",948
35,"HABIB, PHILIP C",918
36,"PEREZ, CARLOS ANDRES",905
37,"WOLFF, LESTER",904
38,"SMITH, IAN",902
39,"NKOMO, JOSHUA",897
40,"BEGIN, MENAHEM",894
41,"GROMYKO, ANDREY ANDREYEVICH",893
42,HASSAN II,889
43,"ECEVIT, BULENT",888
44,DAR,837
46,"SELBY, SIRIKOOL",834
45,"SELBY, CARRIE",834
47,"BRZEZINSKI, ZBIGNIEW",828
48,"CLARK, MILFORD HARRISON JR",814
49,"BHUTTO, ALI",806
50,"ASAD, HAFIZ",803
51,"BROWN, HAROLD",791
52,"OWEN, DAVID",785
53,"CHALIAPIN, BORIS",775
54,"JAVITS, JACOB K",765
55,"NIEDZIELSKY, DORIS",762
56,"CALLAGHAN, JAMES",748
57,"FAHD, PRINCE",743
58,"CEAUSESCU, NICOLAE",740
59,"SENGHOR, LEOPOLD SEDAR",731
60,"COOKE, SARITA ANN",728
61,"EISENBERGER, SARITA ANN",728
62,"GENSCHER, HANS-DIETRICH",724
63,"COVER, HUGH ANTHONY",723
64,"VANDERSTEER, ALFRED R",714
65,"NIEDZIELSKI, DORIS",710
66,"RABIN, YITZHAK",705
67,"TODMAN, TERENCE A",700
68,"SOLARZ, STEPHEN J",696
69,"LETELIER, ORLANDO",685
70,"TOLBERT, WILLIAM R",673
71,"TITO, JOSIP BROZ",663
72,"RICHERT, MARTIN E",654
73,"SIMMONS, ROBERT F JR",650
74,"SOMOZA DEBAYLE, ANASTASIO",650
75,"MCGOVERN, GEORGE",645
76,"STRAUSS, ROBERT S",633
77,"KUMLER, CLIFFORD FREDERICK III",623
78,"MONDALE, WALTER",617
79,"WEIZMAN, EZER",606
80,"MACHEL, SAMORA",603
81,"BOUMEDIENE, HOUARI",600
82,"VORSTER, BALTHAZAR JOHANNES",595
83,"NIMEIRI, JAFAR",586
84,"PRICE, MELVIN",579
85,"RICHARDSON, ELLIOT L",568
86,"YOUNG, ANDREW J",567
87,"DIGGS, CHARLES C",564
88,"MUZOREWA, ABEL",564
89,"KHOMEINI, AYATOLLAH",561
90,"STRAUSS, ROBERT",557
91,"GISCARD D'ESTAING, VALERY",555
92,"HOLBROOKE, RICHARD",553
93,"KENNEDY, EDWARD M",553
94,"GANDHI, INDIRA",550
95,"OBASANJO, OLUSEGUN",549
96,KRIANGSAK CHAMANAN,544
97,"SCHAUFELE, WILLIAM E JR",543
98,"SOARES, MARIO",539
99,"GARCIA, MARLENE",534
100,"RIBICOFF, ABRAHAM",534
101,SUHARTO,528
102,"ALLON, YIGAL",526
103,"BOTHA, PIK",514
104,"LUNS, JOSEPH M A H",511
105,LEE KUAN YEW,507
106,"CLARK, DICK",500
107,"ARAFAT, YASSER",493
108,"RUSH, KENNETH",492
109,"TORRIJOS HERRERA, OMAR",492
110,"DENKTASH, RAUF",489
111,"LOCKABAUGH, ALLEN LEE",488
112,"SMUTS, BARBARA",488
113,TENG HSIAO-PING,485
114,"AMIN DADA, IDI",480
115,"CALIFANO, JOSEPH A",475
116,"MUGABE, ROBERT",472
117,"WIMMER, P S",469
118,"NIMETZ, MATTHEW",464
119,"ROGERS, WILLIAM D",461
120,"TOURE, SEKOU",458
121,"MINTOFF, DOMINIC",457
122,"VESCO, ROBERT",456
123,"SARKIS, ELIAS",448
124,"CHRISTOPHER, PAUL",444
125,"KHADDAM, ABD AL-HALIM",442
126,"MANLEY, MICHAEL N",439
127,"GISCARD D\'ESTAING, VALERY",438
128,MOHAMED SIAD BARRE,438
129,"SISCO, JOSEPH J",437
130,"KYPRIANOU, SPYROS",433
131,"VESCO, ROBERT L",432
132,"HARTMAN, ARTHUR A",431
133,"RICE, CHERYL",430
134,"ECHEVERRIA ALVAREZ, LUIS",429
135,"HUMPHREY, HUBERT H",428
136,"NETO, AGOSTINHO",427
137,"DESAI, MORARJI",426
138,"CARTER, LILLIAN",420
139,"PICKARD, ALVIN DUANE",420
140,"ANDREOTTI, GIULIO",419
141,"LUCAS, JOHN ADRIAN",419
143,"NUJOMA, SAM",417
142,"BITSIOS, DIMITRIOS",417
144,"KREISKY, BRUNO",415
145,"DIGGS, CHARLES",412
146,"TOON, MALCOLM",411
147,"MANSFIELD, MIKE",410
148,"FUKUDA, TAKEO",408
149,"MELENDEZ, GERARDO C",407
150,"SCHLESINGER, JAMES R",407
151,"DENT, FREDERICK B",402
152,"SOLARZ, STEPHEN",402
153,"GONZALEZ, MANUEL GONZALEZ",401
154,"CARAMANLIS, CONSTANTINE",398
155,"KREPS, JUANITA M",396
156,"ROCKEFELLER, DAVID",392
157,"PRESS, FRANK",389
158,"RICHARD, IVOR",387
159,"COOPER, RICHARD N",386
160,"VALENZUELA BELTRAN, ENRIQUE HERNAN",384
161,"GENTRY, ROY SHELTON",379
162,"INGERSOLL, ROBERT S",378
163,"CHONA, MARK",376
164,"BRANDT, WILLY",375
165,"KHODAREV, EDOUARD",373
166,"BOURGUIBA, HABIB",371
167,"STARR, RICHARD CHARLES",370
168,"BONGO, EL HADJ OMAR",369
169,"THATCHER, MARGARET",368
170,"DUBS, ADOLPH",367
171,FLETCHER,365
172,HUA KUO-FENG,364
173,"PERCY, CHARLES",364
174,"DEMIREL, SULEYMAN",360
175,"CASTRO RUZ, FIDEL",359
178,"SIHANOUK, NORODOM",358
177,"MOOSE, RICHARD",358
176,"GHALI, BOUTROS",358
179,"HOUPHOUET-BOIGNY, FELIX",356
180,"LEWIS, SAMUEL W",353
181,"EILTS, HERMANN F",352
182,"MALIK, ADAM",350
183,"HUNTER, CARRIE",347
184,"SIMON, WILLIAM",347
185,"ZABLOCKI, CLEMENT J",347
186,VASHCHENKO,340
187,"PELL, CLAIBORNE",339
188,CHMYKHALOV,336
189,"KHALIL, MUSTAPHA",336
190,"KOUNTCHE, SEYNI",335
191,"KENYATTA, JOMO",333
192,MAO TSE-TUNG,333
193,"QADHAFI, MU\'AMMAR",333
195,"LOW, STEPHEN",332
194,LON NOL,332
196,"GRAVEL, MIKE",330
197,"OHIRA, MASAYOSHI",330
198,"DAVIS, NATHANIEL",327
199,"MAKARIOS, ARCHBISHOP",326
200,"ATHERTON, ALFRED L",325
201,"HOLTZMAN, ELIZABETH",325
202,"BERGLAND, ROBERT",323
203,"VAKY, VIRON P",323
204,"ROMULO, CARLOS P",321
205,PARK CHUNG HEE,320
206,"ALBERT, CARL",314
207,"PERCY, CHARLES H",314
208,"SITHOLE, NDABANINGI",313
209,"ZIA UL-HAQ, MOHAMMAD",312
210,"DEAN, JOHN GUNTHER",310
212,HARCOS,309
213,KIM TAE-CHUNG,309
211,"BHUTTO, ZULFIKAR ALI",309
214,"SAUD, PRINCE",308
215,"KISHKORN, STEVEN L",306
216,TONGSUN PARK,306
217,"SCOTT, HUGH",305
218,"KISSINGER, HENRY A.",304
219,"ENDERS, THOMAS O",303
220,"QADHAFI, MU'AMMAR",303
221,"BYRD, ROBERT C",302
222,"GEISEL, ERNESTO",301
223,"ESMAIL, SAMI",300
224,"HIMES, REX L",300
225,"SCRANTON, WILLIAM W",300
226,"KREPS, JUANITA",299
227,"EHLINGER, THOMAS",297
228,"MEIR, GOLDA",297
229,"FOURIE, BRAND",296
230,"MORAN, MICHELLE MARIE",296
231,"BROWN, L DEAN",295
232,"GIEREK, EDWARD",294
233,HUSSEIN,294
234,"LOPEZ PORTILLO, JOSE",293
235,"GARBA, JOSEPH N",290
236,HUANG HUA,289
237,"THORN, GASTON",288
238,"MARTIN, GARY S",285
239,"DIGGS, CHARLES C JR",282
240,"JOHN PAUL II, POPE",281
241,LE THI NGOC LIENJN,278
242,"FRASER, DONALD M",277
243,"BRADEMAS, JOHN",276
244,"CARTER, JAMES E",276
245,"MARCOS, IMELDA",275
246,"RAHMAN, ZIAUR",275
247,"VANCE, GRACE",275
250,"MORO, ALDO",274
248,"EASUM, DONALD B",274
249,"KISSINGER, HENRY",274
252,"BAKER, HOWARD",273
251,"AL-ASSAD, HAFIZ",273
253,"SHOWKET, ZIYAD K",272
254,"SMITH, KENNETH STEVE",272
255,"DINITZ, SIMCHA",270
256,"MELOY, FRANCIS E JR",270
257,"PERES, SHIMON",270
258,"SONNENFELDT, HELMUT",270
259,"BALAGUER, JOAQUIN",269
260,"BENSON, LUCY WILSON",269
261,"CAGLAYANGIL, IHSAN",267
262,JUAN CARLOS I,267
263,"MIKI, TAKEO",267
264,"SCHAUFELE, WILLIAM E",267
265,"SHULTZ, GEORGE P",267
268,"SONODA, SUNAO",266
266,"CASEY, WILLIAM J",266
267,"CHURCH, FRANK",266
269,"HESS, RUDOLF",265
270,"YAMANI, AHMAD ZAKI",265
271,"ANDERSON, JACK",264
272,"JENKINS, ROY",264
273,"KATZ, JULIUS L",264
274,"BELTRAN, E W",263
275,"RIFAI, ZAYD",263
276,"KARAMANLIS, CONSTANTINE",262
277,CHOU EN-LAI,261
278,"GILETTA, NORBERTO A",260
279,"INOUYE, DANIEL K",256
280,"LOPEZ MICHELSEN, ALFONSO",256
281,"RYAN, LEO",256
284,"WEST, JOHN C",255
282,"DOYLE, WILLIAM E",255
283,"PINOCHET UGARTE, AUGUSTO",255
286,"CARLSEN, JULIE ANN",254
285,"BARRE, RAYMOND",254
287,"ROCKEFELLER, NELSON",253
288,"VEST, GEORGE S",253
289,"DAOUD, MOHAMMAD",252
290,"WEISSNER, STEVEN",252
291,"MOYNIHAN, DANIEL P",251
292,"PICKERING, THOMAS R",249
293,"RUMSFELD, DONALD",249
294,"COOPER, RICHARD",247
295,DENG XIAOPING,246
296,"RICHARDSON, ELLIOT",246
297,"SAVIMBI, JONAS",245
298,"LORENZ, PETER",244
299,"SEELYE, TALCOTT W",244
300,"SHAHI, AGHA",243
301,"HOLBROOKE, RICHARD C",242
303,"SCHLESINGER, JAMES",241
302,"GREEN, MARSHALL",241
304,"TINDEMANS, LEO",237
305,"GOSSON, ELISABETH",235
306,"MUBARAK, MUHAMMAD HUSNI",235
307,"SKLAR, RITA J",234
308,"CHAITOUKHOV, ANATOLI",233
309,"KHAMA, SERETSE M",233
310,"NIMEIRI, GAAFER MYHAMMED",233
311,"JACKSON, WILLIAM H",232
312,"SAUVAGNARGUES, JEAN",231
313,"BREZHNEV, LEONID",229
314,"STEVENS, SIAKA P",229
315,LONG BORET,227
316,"RAMGOOLAM, SEEWOOSAGUR",227
317,"SORSA, KALEVI",227
318,"TOTZ, MYRA L",227
321,"WOODCOCK, LEONARD",226
320,"ARAFAT, YASIR",226
319,"ABOUREZK, JAMES",226
322,"CLERIDES, GLAFCOS",225
323,"TRUDEAU, PIERRE-ELLIOTT",225
324,"FORD, GERALD",224
325,"LINOWITZ, SOL M",224
326,"BOUFAISSAL, JOE",223
327,"MASLOUF, SALWA BOUFAISSAL",223
328,"BURNHAM, L F S",222
329,"SHCHARANSKIY, ANATOLIY",222
330,"WARING, ROBERT O",222
331,KHUKRIT PRAMOT,221
332,"BUTZ, EARL L",220
333,"RYAN, LEO J",220
334,"CLIFFORD, CLARK M",219
335,U KYI MAUNG,219
338,"TOCCO, JAMES",218
337,"JUMBLATT, KAMAL",218
336,"JAVITS, JACOB",218
339,MENGISTU HAILE MARIAM,217
340,"EBERLE, WILLIAM",216
341,"DE KAMARASY, IRENE",215
342,"FRASER, J MALCOLM",214
343,"SARKAR, P R",214
344,DENT,213
345,"MANSFIELD, MICHAEL J",213
346,"BARTLETT, DEWEY F",212
347,FAISAL,212
348,"KEKKONEN, URHO",211
349,"MOBUTU, SESE SEKO",211
350,"JONES, AUGUSTINE",210
351,"BOTHA, PIETER WILLEM",209
352,"SAUNDERS, HAROLD H",208
353,PHAM VAN DONG,207
354,"CASTRO, FIDEL",206
356,"LAINGEN, BRUCE",206
355,"EANES, ANTONIO DOS SANTOS RAMALHO",206
357,KIM DONG-JO,205
358,"MULDOON, ROBERT D",205
359,"STARR, RICHARD",205
360,LUNS,204
361,"ZHIVKOV, TODOR",204
363,"KAUNDA, KENNETH",203
364,"RATSIRAKA, DIDIER",203
365,"SCRANTON, WILLIAM",203
362,"DERIAN, PATRICIA M",203
366,"ADAMS, BROCK",202
367,"DAVIS, JOY",202
368,"PATTERSON, JOHN",202
369,"WILSON, HAROLD",202
371,"PAHLAVI, MOHAMMED REZA",201
372,"SPRAGUE, STEPHEN F",201
370,"AARON, DAVID",201
373,"HUA, TRAN-TRAN",200
374,"HUSSEIN, SADDAM",200
375,"SHU, LI-CHING",200
376,"SHU, YU-MING",200
377,"THOMPSON, DUDLEY",200
378,"BONGO, ALBERT BERNARD",199
379,"SUAREZ GONZALEZ, ADOLFO",199
381,"SIILASVUO, ENSIO",198
380,"BUTZ, EARL",198
382,"FLOYD, WILLIAM ALAN",197
383,"SMITH, JASON W",197
384,"JORGENSEN, ANKER",196
385,"MCCLELLAN, STAN L",196
386,"MURPHY, RICHARD W",195
387,"VEST, GEORGE",195
394,"SULLIVAN, WILLIAM H",194
392,"NUNN, SAM",194
393,PHAN HIEN,194
388,"CARAZO ODIO, RODRIGO",194
391,MAKARIOS,194
389,"EILBERG, JOSHUA",194
390,"FALCO, MATHEA",194
395,"FACIO SEGREDA, GONZALO",192
396,HENRY A KISSINGER,192
397,"MANLEY, MICHAEL",192
398,"SANDOR, GYORGY",192
399,"BOKASSA, JEAN BEDEL",191
400,"RONEY, MATTHEW",191
401,"ALVAREZ LEMUS, RAFAEL",190
402,"AMIN, HAFIZULLAH",190
403,"FRYDENLUND, KNUT",190
404,"HADDAD, SAAD",190
405,"KHALID, KING",190
406,NGUZA KARL-I-BOND,190
408,"VAJPAYEE, ATAL BIHARI",188
407,"RAY, ANDERSON J",188
409,"BANZER SUAREZ, HUGO",187
410,"MINIC, MILOS",187
411,"NAJDOWSKI, ZYGMUNT",187
412,"NOUIRA, HEDI",187
413,"WILLIAMS, ERIC",187
414,"EYADEMA, GNASSINGBE",186
415,RUSH,186
416,"MAYNES, CHARLES WILLIAM",185
417,"OREA, HECTOR",185
418,"SCHEEL, WALTER",185
419,"SUCRE POVEDA, RAFAEL JOSE",185
424,"YATRON, GUS",184
422,"LEONARD, JAMES F",184
423,PHOUMY SENEPHIMMACHACK,184
421,"HOROWITZ, DANIEL L",184
420,"AZEREDO DA SILVEIRA, ANTONIO F",184
425,"DERWINSKI, EDWARD J",183
427,"NEWSOM, DAVID",183
428,"SMITH, RACHEL A",183
426,"MUSKIE, EDMUND S",183
429,TRAN VINH KHAI,182
430,"LUERS, WILLIAM H",180
431,"BANDA, H KAMUZU",179
432,"BOUTEFLIKA, ABDELAZIZ",179
433,"VORSTER, BALTHAZAR J",179
434,"KOIRALA, B P",178
435,"MCCLOSKEY, ROBERT J",178
436,"MEANY, GEORGE",178
437,"MOROZ, VALENTYN",178
441,"KIRSCH, RUSSELL SCOTT",177
443,"ODUBER QUIROS, DANIEL",177
442,MOCHTAR KUSUMAATMADJA,177
440,"KIRSCH, MELANIE HOPE",177
438,"BUTHELEZI, GATSHA",177
439,"FLYN, JOHN MARTIN",177
444,"KHAMA, SERETSE",176
445,"LOPEZ PORTILLO Y PACHECO, JOSE",175
446,"MCHENRY, DONALD",175
447,"STONE, RICHARD",175
448,"TOURE, AHMED SEKOU",175
449,"CHIRAC, JACQUES",174
450,"GOLDBERG, OTTYLIE",174
451,"KOSYGIN, ALEKSEY NIKOLAYEVICH",174
452,"CLARK, JOE",173
453,"BASTAN, MARK J",172
457,"TARAKI, NOOR MOHAMMAD",171
456,"SIMONET, HENRI",171
455,"MALLOUM, FELIX",171
454,"DAVIES, RODGER P",171
458,"BRAZINSKAS, PRANAS",170
459,"MILLER, G WILLIAM",170
466,"YU, TENG-FA",169
460,"CROSLAND, ANTHONY",169
461,"ELLSWORTH, ROBERT",169
462,"KUBISCH, JACK B",169
463,"PERON, JUAN",169
464,"WILSON, CHARLES H",169
465,"YU, JUI-YEN",169
467,"MANOLAKIS, ANASTASIOS G",168
468,"SLEPAK, VLADIMIR",168
471,INLAVONGSA PHOMMA,167
472,"LOMUS, JOSE G",167
470,"CHEN, ALAN T",167
469,CHATCHAI CHUNHAWAN,167
476,"KRAFT, JOSEPH",166
478,"VELIOTES, NICHOLAS A",166
477,"REUSS, HENRY S",166
473,"CORBIT, RICHARD C",166
475,"EAGLETON, THOMAS F",166
474,"DOUTY, HARVEY M",166
479,"ELIAS, LIAFIZ",165
480,"MONDALE, JOAN",165
481,PAK TONG-CHIN,165
482,"BURCHETT, WILFRED",164
483,HUSAYN,164
484,"NIEHOUS, WILLIAM F",164
485,XAYBOUALY SIKHOUNMVONG,164
486,"CIRCO, DENNIS",163
487,"HABIB, PHILIP",163
491,TENG HSIAO PING,162
492,"VAN DER STOEL, MAX",162
493,"VANCE, SHELDON B",162
490,"SMITH, KENNETH STEPHEN",162
488,"JACKSON, HENRY M",162
489,"JOHN PAUL I, POPE",162
494,"BOUTROS, FOUAD",161
496,"HONECKER, ERICH",161
495,BREZHNEV,161
497,"FLORES, ANTONIO",160
498,KHALID,160
499,"NUDEL, IDA",160
500,"SIAD BARRE, MOHAMED",160
501,"STRAUSS, FRANZ JOSEF",160
502,"CHATTI, HABIB",159
503,"KUDIRKA, SIMAS",159
504,"LAW, WILLIAM H",159
505,"MORGAN, ERNEST R",159
510,"STROESSNER, ALFREDO",158
512,"VITALE, A STEPHEN",158
511,"TRAMPCZYNSKI, BOHDAN",158
509,"STOESSEL, WALTER J JR",158
507,"KARDELJ, EDVARD",158
506,"CARTWRIGHT, DAVID GEOFFREY",158
508,"SOAMES, CHRISTOPHER",158
517,DENKTASH,157
521,"VANIK, CHARLES A",157
520,SIHANOUK,157
519,"ROGERS, WILLIAM P",157
518,"MIYAZAWA, KIICHI",157
516,"DE LA CRUZ TORRES, MARIO ENRIQUE",157
515,"CRANSTON, ALAN",157
514,CHIANG CHING-KUO,157
513,"AHTISAARI, MARTTI",157
522,"AGUSTSSON, EINAR",156
523,"PARKER, RICHARD B",156
524,SEMENOV,156
525,"ZIMMERMAN, SHERYL R",156
530,"SMITH, GERARD",155
529,"SHLAUDEMAN, HARRY W",155
527,"DE GUIRINGAUD, LOUIS",155
528,"PECK, EDWARD L",155
526,"CARRINGTON, PETER",155
531,"BREGANDE, PAUL",154
532,"ANDREI, STEFAN",153
533,"COLBERT, LE ROY JR",153
534,"GRAHAM, JOHN",153
535,"SACLARIDES, NICHOLAS",153
536,"SOBEL, LAWRENCE",153
537,HASSAN,152
538,LE THI MY HANH,152
539,"WHITLAM, E GOUGH",152
540,"BRIGGS, JACK",151
541,"SHAKA, BASSAM",151
542,"DUBS, ADOLPH W",150
543,"JABAAY, ROBERT A",150
547,"VIDELA, JORGE RAFAEL",149
546,"TOPPINGS, VERNON",149
545,"HABYARIMANA, JUVENAL",149
544,"BROWNE, SHADRACK M",149
548,"BROOKENS, BENOIT O JR",148
549,"BROWN, GEORGE",148
550,CUBAN PAROLEES,148
551,"LEVESQUE, RENE",148
552,"SCOTT, CHERYL L'TANYA",148
556,"MARGOLIS, ALLAN B",147
558,"SENGHOR, LEOPOLD",147
557,"MUBARAK, HUSNI",147
554,"DURANT, LEONARD",147
555,"HECHT, MARTIN DAVID",147
553,"CLARKE, DONALD EDWARD",147
559,"BERGLAND, BOB",146
563,KIM YONG-SAM,145
566,"TRAORE, MOUSSA",145
564,"NYE, JOSEPH",145
565,"RABASA MISHKIN, EMILIO",145
562,"KENNEDY, EDWARD",145
561,"BROWN, IRVING",145
560,"BENTSEN, LLOYD",145
567,CLERIDES,144
568,"DURHAM, ROSEBORO",144
569,"MCHENRY, DONALD F",144
570,"ROEL GARCIA, SANTIAGO",144
571,"TALAMANTE, OLGA",144
576,"RENE, FRANCE ALBERT",143
578,"SPARKMAN, JOHN",143
577,"ROLDOS, JAIME",143
573,"DRAYTON, CHESTER C JR",143
575,INGERSOLL,143
574,"HARROP, WILLIAM C",143
572,"DERIAN, PATRICIA",143
579,"DEVINE, FRANK J",142
583,"GISONDO, LAURA",141
585,NGUYEN THI LAN ANH,141
584,"MOORE, JOHN NORTON",141
582,"ESENBEL, MELIH",141
581,"EARLE, RALPH II",141
580,"BERGSTEN, C FRED",141
586,"ADAMS, RONALD",140
587,"AHIDJO, AHMADOU",140
588,"ANSARY, HUSHANG",140
589,"BAKER, HOWARD H JR",140
590,"BANDA, KAMUZU",140
591,"BANDARANAIKE, SIRIMAVO",140
592,GIEREK,140
593,"HUNTER, CARRIE JANE",140
594,"KOHL, HELMUT",140
595,"MOI, DANIEL T ARAP",140
596,"SCHEUER, JAMES H",140
601,"MILLER, ROBERT H",139
603,"ROSE, HARRY LOUIS",139
602,"MINER, SARA BRAND",139
600,KISSINGER HENRY A,139
597,"CAVNESS, NOLEN J",139
598,"DOBRYNIN, ANATOLIY F",139
599,"KAUNDA, KENNETH D",139
604,"BRAZINSKAS, ALGIRDAS",138
605,"COSSIGA, FRANCESCO",138
606,"LYON, VERNE ALLEN",138
607,"MONTGOMERY, G V",138
608,SOUVANNA PHOUMA,138
609,"STOESSEL, WALTER J",138
610,"ARTZT, ALICE",137
611,"BOSTWICK, BURTON L",137
612,"HUSAK, GUSTAV",137
613,"MARSHALL, RAY",137
614,"ROSENTHAL, BENJAMIN S",137
615,"TRUDEAU, PIERRE ELLIOTT",137
618,"PALME, OLOF",136
617,"MYERS, EDWARD",136
616,"KAPUUO, CLEMENS",136
620,GARDNER,135
621,"HERRERA CAMPINS, LUIS",135
622,"KEREKOU, MATHIEU",135
623,"SASSO, BRUCE",135
624,"WILLEY, JAMES STANBY",135
619,"BUNKER, ELLSWORTH",135
625,"AMIN, IDI",134
626,"BIKO, STEVE",134
627,"FINDLEY, PAUL",134
628,HO KIM HAI,134
629,HUSSEIN BIN ONN,134
630,"JAMIESON, DONALD",134
631,KOUNMY RATTANABANDITH,134
632,"MAYS, MARSHALL T",134
640,"SAUNDERS, HAROLD",133
638,"ROYO, ARISTIDES",133
641,VO QUI HY,133
639,"SAQQAF, OMAR",133
636,"EBERLE, WILLIAM D",133
637,"KROYER, HARALDUR",133
634,CODEL IPU,133
633,BOKASSA I,133
635,COOPER,133
643,"ARMITAGE, JOHN A",132
644,"BOSWORTH, STEPHEN W",132
645,"FLEISCHMAN, LESLIE HAROLD",132
646,"FRANCOIS-PONCET, JEAN",132
647,JOHNSON,132
648,"MATHIAS, CHARLES",132
649,"OREJA AGUIRRE, MARCELINO",132
650,"PORTILLO, LOPEZ",132
651,"RAINDORF, AARON",132
652,"TARNOFF, PETER",132
642,"AGEE, PHILIP",132
653,"KOWALSKI, DALE LOUIS",131
654,"WOLFF, ALAN",131
658,"ROLANDIS, NIKOS",130
659,"TRUDEAU, PIERRE",130
656,KEUKY LIM,130
657,"MACHEL, SAMORA MOISES",130
655,"HAMILTON, LEE",130
660,"CARLSON, GUSTAF E",129
661,"GARDNER, RICHARD N",129
662,KIM HUOTH,129
663,"LEBER, GEORG",129
664,"NURU, FATUMA TATU",129
665,PHOUMI VONGVICHIT,129
666,"RUNYAN, BERT OTIS",129
667,"AQUINO, BENIGNO",128
668,"BIDEN, JOSEPH R JR",128
669,"LEONE, GIOVANNI",127
670,"ODUBER, DANIEL",127
674,"TETLEY-KARDOS, RICHARD",126
673,PEREZ,126
671,"FRONCZAK, SANDRA",126
672,"NIEHOUS, WILLIAM",126
675,"GLENN, JOHN",125
676,"JAYEWARDENE, J R",125
677,"LORD, WINSTON",125
678,"MACOVESCU, GEORGE",125
679,"ROGERS, WILLIAM",125
680,"WARNKE, PAUL C",125
685,MENGISTU HAILE-MARIAM,124
688,"SULTAN, PRINCE",124
687,"REPPAS, GEORGE",124
686,"NASCIMENTO, EDITH MARIA RODRIGUES",124
683,"KISSINGER, NANCY",124
684,"MARCOS, FERDINAND E",124
682,"GENSCHER, HANS DIETRICH",124
681,"FRANGIE, SULEIMAN",124
694,PAK CHONG-HUI,123
697,"SNEIDER, RICHARD L",123
696,"RAINA, TAPISHWAR NARAIN",123
695,"PUJA, FRIGYES",123
690,"BOURNE, PETER",123
693,IENG SARY,123
692,"DRISCOLL, DAVID",123
691,"CHAVAN, Y B",123
689,"ABDULLAH, WAHEED",123
698,"BINGHAM, JONATHAN B",122
699,"CLIFFORD, CLARK",122
700,"HORMAN, CHARLES",122
701,"KAZANSKIY, ARKADIY NIKOLAYEVICH",122
702,"NARAINE, PATRICIA",122
703,"SHULTZ, GEORGE",122
711,"FLEENER, TERRE",121
709,"DUVALIER, JEAN-CLAUDE",121
712,MALIK,121
710,"EL KHAIRY, EVELYN BIRGITTE",121
706,CALLAGHAN,121
708,"CHIN, ALEXANDRE JOHN",121
704,"BOWDLER, WILLIAM G",121
705,"BURNS, MICHAEL A",121
707,"CHAMOUN, CAMILLE",121
716,"HALL, DAVID",120
718,"VAN LENNEP, EMILE",120
717,"PINDLING, LYNDEN O",120
719,"YOUNG, MAZELL",120
715,"ESCOVAR SALOM, RAMON",120
714,"CARTER, HODDING III",120
713,"BLUM, BARBARA",120
720,"BANK, RICHARD K",119
721,"GILMAN, BENJAMIN A",119
722,"LIEVANO AGUIRRE, INDALECIO",119
723,"MASTERS, EDWARD E",119
724,"MC MILLAN, DAVID RALPH",119
725,TRAORE,119
726,"VON STADEN, BERNDT",119
730,"HARTMAN, ARTHUR",118
732,"NORDLI, ODVAR",118
731,"NEGROPONTE, JOHN D",118
729,"FORD, BETTY",118
728,"CAMPBELL, STEVE",118
727,BENNETT,118
733,"BYRD, ROBERT",117
734,"FORLANI, ARNALDO",117
735,"JOBERT, MICHEL",117
736,"KUNIK, MARTIN",117
737,"SLACK, JOHN M",117
738,"TANAKA, KAKUEI",117
740,"CAGLAYANGIL, IHSAN SABRI",116
739,"BELLMON, HENRY",116
741,"HUMMEL, ARTHUR W",116
742,"LUNS, JOSEPH",116
743,"MAILLIARD, WILLIAM S",116
744,"SOBER, SIDNEY",116
745,"STOBBE, DIETRICH",116
751,SCHMIDT,115
749,"OLIVER, R SPENCER",115
750,"SADAT, ANWAR EL",115
746,"BIJEDIC, DZEMAL",115
748,NI,115
747,"GOLEMBIEKI, HELEN",115
752,"BUTMAN, HILLEL",114
753,"FAHMI, ISMAIL",114
754,SMITH,114
755,"VOLLBERG, JENNY C",114
756,WALDHEIM,114
761,"SILBERMAN, LAURENCE H",113
763,"STEFANSSON, FINNUR TORFI",113
762,"SOPHUSSON, FRIDRIK",113
759,"LARAKI, AHMED",113
760,"MCDANIEL, JOANN",113
758,"COSGRAVE, LIAM",113
757,"ACHEAMPONG, IGNATIUS KUTU",113
768,"JAWARA, DAWDA KAIRABA",112
771,"WALKER, DAVID",112
770,"PRIGGS, HARRY JOHN",112
769,"ORFILA, ALEJANDRO",112
766,"GUTHRIE, PERRY AUGENE",112
767,"HARRELL, JAMES",112
765,"DE VARONA, ANTONIO",112
764,"APEL, HANS",112
772,"CARL, JAMES E",111
773,HUANG CHEN,111
774,"NAIM, MOHAMMAD",111
775,"ROMERO MENA, CARLOS HUMBERTO",111
776,"THANI, KHALIFA IBN HAMAD AL",111
777,"WARNKE, PAUL",111
787,"VINS, GEORGI",110
783,POL POT,110
786,"STABLER, WELLS",110
785,"SISCO, JOSEPH",110
784,"SCHWAGER, BRIAN",110
779,"GOWON, YAKUBU",110
782,NE WIN,110
780,"HASSAN, CROWN PRINCE",110
778,CHIN HARN TONG,110
781,"HAWKINS, AUGUSTUS F",110
792,HARTMAN,109
794,"MATTHEWS, WILLIAM",109
793,"JOHNSON, U ALEXIS",109
795,"SOLZHENITSYN, ALEKSANDR I",109
791,"GELB, LESLIE H",109
790,"FERK, FRANK",109
789,ECEVIT,109
788,"CAMPBELL, JAMES F",109
796,"DANENZA, VICTOR",108
797,"MITTERRAND, FRANCOIS",108
798,"SEMENOV, V S",108
799,"UNGER, LEONARD",108
800,"YODER, DELILAH",108
807,"HARRELL, JAMES J",107
811,"WALLENBERG, RAOUL",107
810,"SADAT, ANWAR AL",107
809,"REINHARDT, JOHN E",107
808,LIP SANANIKONE,107
802,"BENNETT, W TAPLEY JR",107
806,"GAMASY, MOHAMED ABDEL GHANI",107
805,"FASCELL, DANTE B",107
804,"CUDLIPP, IVY LEE",107
803,"BRYEN, STEPHEN",107
801,"AL-HAMDI, IBRAHIM",107
820,KONGKHAM PATHAMMAVONG,106
827,"WILLS, FREDERICK R",106
826,"URQUHART, BRIAN",106
825,TITO,106
824,"STEVENSON, ADLAI E",106
823,"SHANNON, JOHN J",106
822,"NABE, MAMADI",106
821,MOBUTU,106
816,"CAMPBELL, STEVEN C",106
819,KEO SENESOMBATH,106
818,"GOMES, COSTA",106
817,CHUA YONG HAI,106
815,"BELL, GRIFFIN",106
814,"ASAD, HAFIZ AL",106
813,"AL IMAM, SALIM CHAKIR",106
812,"AHMED, AZIZ",106
841,"ZENZ, KATHERINE",105
840,"WALKER, LANNON",105
839,"VINE, RICHARD D",105
838,"STRAUSZ-HUPE, ROBERT",105
837,SOUPHANOUVONG,105
836,"PADELFORD, EDWARD A",105
835,MOHAMMAD ALI MORAD,105
834,"LEFEVRE, LOUIS",105
833,"KOBB, KATHRYN L",105
832,"HARTLING, POUL",105
831,"HANSELL, HERBERT J",105
830,HAN CHENG FONG,105
829,FAHMY,105
828,"BAGAZA, JEAN-BAPTISTE",105
850,"KADAR, JANOS",104
856,"TOTH, LASZLO",104
855,"PEREIRA, ARISTIDES",104
854,"PEACOCK, ANDREW S",104
853,"PATTERSON, P J",104
852,"MOORE, FRANK",104
851,LEE EK TIENG,104
846,"CHILES, LAWTON",104
849,"GOHEEN, ROBERT F",104
847,FOO MENG LIANG,104
842,"BUSH, GEORGE",104
845,"CHEW GUAN KHUAN, ANDREW",104
844,CEAUSESCU,104
843,"CARLIN, JAMES L",104
848,"GAIRY, ERIC M",104
861,"MEISSNER, CHARLES",103
864,"SANDLER, SEMYON",103
863,"SANDLER, BETYA",103
862,PROM SAROEUN,103
865,"SANDLER, SVETLANA",103
860,"MARSHALL, F RAY",103
859,"FRENZEL, STANLEY",103
858,"FRANGIE, SLEIMAN",103
857,"BOLEN, DAVID B",103
875,"VANDERWEES, GERRY",102
874,"SCHEIN, ANN",102
873,"REAGAN, RONALD",102
872,"RAY, MICHAEL HARVEY",102
871,"MURRAY, JAMES",102
870,"LAUGERUD GARCIA, KJELL",102
869,"JENKINS, TERESA ANN",102
868,"EBAN, ABBA",102
867,"DIAZ WILSON, RAFAEL O",102
866,"BROOKS, JACK",102
881,"KELLEY, WILLIAM",101
886,"TRAMUTOLO, JAMES A",101
885,"RIPLEY, S DILLON",101
884,NON BUNNATHY,101
882,"MOLINA ORANTES, ADOLFO",101
883,NGUYEN VAN THIEU,101
880,"HAM, BRADFORD W",101
879,"GOOD, ROBERT",101
878,"FRASER, MALCOLM",101
877,"ELEKDAG, SUKRO",101
876,DALAI LAMA,101
887,"CHNOUPEK, BOHUSLAV",100
888,"HORMATS, ROBERT",100
889,"VILLEGAS, GEORGE G",100
894,MILLER,99
896,"TOUSSAINT, DONALD R",99
895,"RAJARATNAM, SINNATHAMBY",99
892,"DENG, FRANCIS",99
893,"HUMMEL, ARTHUR W JR",99
891,"BAKKE, KARL E",99
890,"BAEZ, JOAN",99
903,"GREEN, ERIC D",98
908,"WOLF, MILTON A",98
907,"WALKER, WILLIAM",98
906,VU VAN HOA,98
905,"TURKI, PRINCE",98
904,"SAMOZA DEBAYLE, ANASTASIO",98
899,BHUTTO,98
902,"GOODBY, JAMES E",98
901,"GAIRY, ERIC",98
900,"BOUSNINA, KACEM",98
898,"BERRY, JOHN E",98
897,"ASPIN, LES",98
918,"MAVROS, GEORGE",97
926,"WRIGGINS, W HOWARD",97
925,"TRAIN, RUSSELL E",97
924,SUDJATMIKO,97
923,"STAWICZYK, ANNA",97
922,"SEPAHBODY, FARHAD",97
920,"PEARSON, JAMES B",97
919,"PARSKY, GERALD L",97
921,"SCHWEBEL, STEPHEN M",97
917,"MACEACHEN, ALLAN",97
915,"KHALIL, MUSTAFA",97
909,BEE VUE,97
914,"HUGHES, CLEDWYN",97
913,"GREAVES, CEDRIC",97
912,"GOULD, FRANK",97
911,"EKLUND, SIGVARD",97
910,"BOWEN, DAVID R",97
916,LOPEZ,97
931,"REDMOND, RICHARD",96
934,WU TEH,96
933,"STAMBUL, MOCHAMMAD IWAN",96
932,"SPINOLA, ANTONIO",96
930,"OAKLEY, ROBERT",96
929,"MCCOY, LEE",96
928,CHHUT CHHOEUR,96
927,"AGUILAR, ERIC WAYNE",96
942,"KHERSONSKY, MIKHAIL",95
948,"NYFELER, JOHN V",95
947,"NORMAN, EVELYN",95
946,"MOORE, JOHN L JR",95
945,"MINK, PATSY T",95
944,KIM IL SUNG,95
943,"KHERSONSKY, MIKHAIL [Sensitive Information Removed Per NARA 07 Jan 2016]",95
937,"CHARITON, ARTHUR",95
941,"JONATHAN, LEABUA",95
940,"JALLUD, ABD AL-SALAM",95
939,GENSCHER,95
938,"DALY, EDWARD J",95
936,"BOSCH, ORLANDO",95
935,"BONKER, DON",95
957,"POWERS, MARION",94
964,"TOGO, FUMIHIKO",94
963,"THURMOND, STROM",94
962,SOARES,94
961,"SINGH, KEWAL",94
960,"SHADRIN, NICHOLAS",94
959,SEK TEOM,94
958,SCHAUFELE,94
955,"ORTOLI, FRANCOIS-XAVIER",94
956,"PELOSI, SHEILA J",94
954,"O\'NEILL, THOMAS P JR",94
953,"MATHIAS, CHARLES MCC JR",94
952,LI WEN HUAN,94
951,"KAZICKAS, ALEXANDER KESTUTIS",94
950,CHIAO KUAN-HUA,94
949,"BLAKE, JAMES J",94
984,"ZARB, FRANK G",93
983,WILSON,93
982,"VELASCO ALVARADO, JUAN",93
981,"STREEB, GORDON",93
980,"SADR, BANI",93
979,"ROSS, VIRGINIA",93
978,"RIRUAKO, KUAIMA",93
977,"POPOV, IVAN",93
976,"NYERERE, JULIUS",93
975,"MWALE, SITEKE",93
974,"MCDONALD, ALONZO L",93
968,"CHEYSSON, CLAUDE",93
973,"KAMEL, MOHAMMED IBRAHIM",93
966,"BREZHNEV, LEONID IL\'ICH",93
967,CARAMANLIS,93
965,"BLACK, SHIRLEY TEMPLE",93
969,"CONNOR, WALKER",93
970,"GHOTBZADEH, SADEGH",93
971,"HALLGRIMSSON, GEIR",93
972,"HAYAKAWA, S I",93
1001,"VAN KIRK, BURKETT",92
1000,"SHULMAN, MARSHALL",92
999,"SAKHAROV, ANDREI",92
998,"PARK, REVEREND",92
994,"LAKE, ANTHONY",92
997,"ORLOV, YURIY",92
996,"NOIR, P",92
995,"LIEN, N B",92
989,"COLOR, BETTY",92
993,HUA GUOFENG,92
991,"HASSAN, PRINCE",92
990,"DOERING, KARL",92
988,"CARLUCCI, FRANK C",92
987,"BUKOVSKY, VLADIMIR",92
986,BICH LIEN NGUYEN,92
985,"ANTUNES, MELO",92
992,"HILL, ROBERT C",92
1007,"SMITH, MICHAEL B",91
1010,"TURBAY AYALA, JULIO CESAR",91
1009,"STARR, SUSAN",91
1008,"SPIERS, RONALD I",91
1006,"RAMSBOTHAM, PETER",91
1005,"MAW, CARLYLE E",91
1004,"KODJO, EDEM",91
1003,"IKLE, FRED C",91
1002,"BATES, JONATHAN",91
1019,KIFLE WODAJO,90
1026,"ULLMAN, AL",90
1025,"QABOOS, SULTAN",90
1024,"POPPER, DAVID H",90
1023,"PEACOCK, ANDREW",90
1022,PAO YANG,90
1021,O'NEILL,90
1020,"MORGAN, THOMAS",90
1027,"WRIGHT, JIM",90
1018,"GOLDMAN, DANIEL",90
1016,"ENGERMAN, MARK STANTON",90
1015,CHIANG CHING,90
1014,"CASEY, WILLIAM",90
1013,"BLANCO, JUAN CARLOS",90
1012,"ASSAD, HAFIZ",90
1011,"ACHOUR, HABIB",90
1017,"FITZGERALD, GARRET",90
1033,SHULTZ,89
1035,"WILSON, CHARLES",89
1034,"SMITH, IAN D",89
1032,"RICHARDSON, WILLIAM",89
1031,"MEISSNER, CHARLES F",89
1030,"BORGONOVO POHL, MAURICIO",89
1029,"BINGHAM, JONATHAN",89
1028,"BAHR, EGON",89
1045,MARTIN,88
1053,WOLFF,88
1052,"WHITLAM, GOUGH",88
1051,"TORRIJOS, OMAR",88
1050,"SINGH, SWARAN",88
1049,"ROBINSON, CHARLES",88
1048,"REVELEY, JACOB HARRIS",88
1047,"MORGAN, THOMAS E",88
1046,"MORALES BERMUDEZ CERRUTTI, FRANCISC",88
1040,"ENGLISH, RONALD GEORGE",88
1044,"LYNCH, JACK",88
1043,"LONG, RUSSELL B",88
1042,"HORMATS, ROBERT D",88
1041,"FRASER, DONALD",88
1039,CHIANG KAI-SHEK,88
1038,"BOUCETTA, M\'HAMED",88
1037,"BAKALIS, KATINA DEMETRIOS",88
1036,"BAKALIS, KATENA DEMETRIOS",88
1067,"WOJTASZEK, EMIL",87
1066,TRAN HON THO,87
1065,"SUJARWO, ANTON",87
1064,"STOEN, JOHN VICTOR",87
1063,"MASON, ROY",87
1062,"MALMIERCA PEOLI, ISIDORO OCTAVIO",87
1061,"LOWENSTEIN, ALLARD",87
1060,KHIEU SAMPHAN,87
1058,"GARBA, JOSEPH",87
1057,DOAN THI TU,87
1056,"DENNIS, C CECIL JR",87
1055,"DAVIS, ALBERT LEE",87
1054,"BELOVSKI, DIMCE",87
1059,"KHALID, MANSOUR",87
1072,"KAY, EMMET",86
1076,"TIMERMAN, JACOBO",86
1075,"STARR, LYNNE",86
1074,"PETREE, RICHARD",86
1073,"MOFFITT, RONNIE",86
1071,"CARLOS, JUAN",86
1070,"BLANCHARD, FRANCIS",86
1069,"ASSAD, HAFIZ AL",86
1068,"ABRAMOWITZ, MORTON I",86
1086,NIMEIRI,85
1093,"YAMIN, ZUHAIR",85
1092,"WALTERS, BARBARA",85
1091,"TSONGAS, PAUL",85
1090,"TOLBERT, WILLIAM R JR",85
1089,"SMITH, ROBERT S",85
1088,"SALZMAN, HERBERT",85
1087,"PORTER, WILLIAM J",85
1080,"BOWDLER, WILLIAM",85
1085,MARCOS,85
1084,"HAMEED, A C S",85
1083,"HAIG, ALEXANDER",85
1082,FACIO,85
1081,ELIZABETH II,85
1079,"BENNET, DOUGLAS J JR",85
1078,BAY,85
1077,"ARAFAT, YASSIR",85
1101,"MCCLURE, JAMES A",84
1106,"WIDMAN, MARY LEE",84
1105,"WALLACE, OSCAR L",84
1104,"TENG-FA, YU",84
1103,"STOEL, MAX VAN DER",84
1102,"SALIH, ALI ABDALLAH",84
1095,"EAGLEBURGER, LAWRENCE S",84
1100,"LOPEZ ARELLANO, OSWALDO",84
1098,"GUNES, TURAN",84
1097,"GROMYKO, ANDREY",84
1096,"FISCHER, OSKAR",84
1094,"ALI, LATIF",84
1099,LI HSIEN-NIEN,84
1114,"NIXON, RICHARD",83
1121,"WHITEHOUSE, CHARLES S",83
1120,"WEIL, FRANK A",83
1119,SISANOUK SAYCOCIE,83
1118,"SAPENA PASTOR, RAUL",83
1117,"POMPIDOU, GEORGE",83
1116,"PETKUS, VIKTORAS",83
1115,"PAUL VI, POPE",83
1113,"MKAPA, BENJAMIN",83
1112,LON NON,83
1111,"HUGHES, THOMAS VINCENT",83
1110,"HENDERSON, DAVID",83
1109,"DRINAN, ROBERT F",83
1108,"DE HAAN, DALE",83
1107,"CARTER, JAMES",83
1130,"HARKIN, TOM",82
1136,"PAHLAVI, MOHAMMAD REZ",82
1135,"OKCUN, GUNDUZ",82
1134,NGUYEN MINH TAM,82
1133,"MILTON, DAVID V",82
1132,"JUMBE, ABOUD",82
1131,"JAROSZEWICZ, PIOTR",82
1127,FULBRIGHT HAYS,82
1129,"GUZMAN, ANTONIO",82
1122,"AL-HOSS, SALIM AHMAD",82
1126,"FARKAS, RUTH LEWIS",82
1125,"EDMONDSON, WILLIAM B",82
1124,"CALIFANO, JOSEPH",82
1123,"BERLINGUER, ENRICO",82
1128,"GLEYZER, RAYMUNDO",82
1154,SILVEIRA,81
1150,"NEUMANN, FRANCIS",81
1151,"PLANK, GERALD ALLEN",81
1152,"POLLACK, DANIEL",81
1153,"SCOTT, DAVID",81
1157,"TACK, JUAN ANTONIO",81
1155,SPINOLA,81
1156,"STOLAR, ABE",81
1148,"HUSSEIN, KING",81
1159,"WILDER, ROSALYN ELAINE",81
1149,"MAKARIOS, ARCHBISHOP III",81
1158,"VOLPE, JOHN A",81
1147,"HESS, RUDOLPH",81
1141,"BROWN, WILLIAM A",81
1146,"HAYES, WILLIAM",81
1137,"BENDJEDID, CHADLI",81
1139,"BRADLEY, THOMAS",81
1140,"BROWN, ROBERT J",81
1138,"BOEKER, PAUL H",81
1142,"CLOSE, JACK LAVERNE",81
1143,"GEMAYEL, PIERRE",81
1144,"GRIBBIN, GARY",81
1145,"GRIBBIN, GEORGE G",81
1170,"HARRIMAN, W AVERELL",80
1178,"ZAHEDI, ARDESHIR",80
1177,"WU, MING-CHI",80
1176,VONG KHIN,80
1175,"SOLAUN, MAURICIO",80
1174,"SINDONA, MICHELE",80
1173,SADAT,80
1172,"PORTILLO, JOSE LOPEZ",80
1171,"LAINO, DOMINGO",80
1167,"FUQUA, DON",80
1169,"GROVE, THOMAS ARTHUR",80
1168,"GOODWIN, PATRICIA MCGINNIS",80
1166,"EVENSEN, JENS",80
1165,"ENGO, PAUL",80
1164,EASUM,80
1163,"DEAN, CHARLES M",80
1162,"CARTER, ROSALYN",80
1161,"BREZHNEV, LEONID ILICH",80
1160,"BAAS, BRYAN H",80
1187,"RAHMAN, MUJIBUR",79
1193,"VANDEN HEUVEL, WILLIAM J",79
1192,TRANG THOAI MINH,79
1191,"SIMON, PAUL",79
1190,SANYA THAMMASAK,79
1189,"ROSENTHAL, BENJAMIN",79
1188,"REEDY, GEORGE",79
1194,"VINCENTE, ANTONIO",79
1186,"PIERSON, CHARLES LINDBERG",79
1181,ENDERS,79
1179,"AL-KAISSI, FAWZI ABDULLAH",79
1180,"DIAZ NUILA, NAPOLEON",79
1185,"LANE, GEORGE M",79
1182,"HAMILTON, LEE H",79
1183,"HANNON, JOHN C",79
1184,"HUNTER, ROBERT",79
1204,"ROBERTO, HOLDEN",78
1212,WILLIAMS,78
1211,"TURNER, WILLIAM C",78
1210,"TARDOS, ROBERT",78
1209,TANAKA,78
1208,"SMITH, KENNETH STEVEN",78
1207,"SINGH, CHARAN",78
1206,SHOUA XIONG,78
1205,SCOTT,78
1203,"QADHAFI, MUAMMAR",78
1202,MAKARIOS III,78
1201,"KALMAN, ERIKA",78
1200,"HAFERKAMP, WILHELM",78
1199,GROMYKO,78
1198,"DE LEO, A J",78
1197,"DE LA PUENTE RADBILL, JOSE",78
1196,"CURTIS, GUSTAVO",78
1195,"BRUECKMANN, INGRID",78
1221,"KATZ, JULIUS",77
1228,"WELLS, MELISSA",77
1227,"SIEDE, MICHAEL HENRY",77
1226,"RUSH, KENNETH D",77
1225,"POOL, MARYA ANNE",77
1224,"OWEN, DAVID A L",77
1222,"MAIMONE, MARIO VICTOR",77
1223,"MCCLELLAN, IRINA",77
1220,"HAYS, WAYNE",77
1218,"DYKES, WILLIAM R",77
1217,"DANFORTH, JOHN C",77
1216,"CRIZ, HENRY",77
1215,"CLEMENTS, WILLIAM P",77
1214,"BLUMENTHAL, MICHAEL",77
1213,"BIBBERO, MARTIN HERBERT",77
1219,"FRANQUI, NICOLAS",77
1243,"PORECHNIY, ALEKSANDER MIKHALOVICH",76
1241,"OWEN, HENRY",76
1242,"PERTINI, ALESSANDRO",76
1247,"WILLIAMS, HARRISON A",76
1244,"STEVENS, TED",76
1245,THIEU,76
1246,"VAN VOORST, BRUCE",76
1238,"MARTIN, EDWIN M",76
1239,"MENDELEVICH, IOSIF",76
1240,"MURPHY, JOHN",76
1237,"LIMANN, HILLA",76
1235,"GUIRINGAUD, LOUIS DE",76
1234,"GALLAGHER, CHARLES D",76
1233,"DEHAAN, DALE",76
1232,"COREA, GAMANI",76
1231,"BOTHA, P W",76
1230,"BISHOP, MAURICE",76
1229,"BIAGGI, MARIO",76
1236,"JOHNSON, ALBERT",76
1266,"POVEDA BURBANO, ALFREDO",75
1261,"LANG, JANET A",75
1262,"LAPPEMAN, EDMOND H",75
1264,"NOIR, PIERRE",75
1265,"PEZZULLO, LAWRENCE A",75
1270,"WINDBURY, JOHN",75
1267,"SHARMAN, NEIL",75
1268,"TOWER, JOHN",75
1269,"VORSTER, BALTHAZAR",75
1259,"KARAME, RASHID",75
1260,KIM DONG JO,75
1263,"MANN, JAMES R",75
1258,"GOLDBERG, ARTHUR",75
1253,"CASTRO, RAUL",75
1257,"FELDMAN, MARILYN",75
1250,"ANDERSON, JOHN B",75
1251,"ANDERSSON, SVEN",75
1252,"CAMPBELL, LEN",75
1249,"AMSTER, GERALD",75
1254,"DAOUD, ABU",75
1255,"DE LA TORRE, EDICIO",75
1248,"ALMEIDA BOSQUE, JUAN",75
1256,"DUDU, MARIA-CARMINA",75
1282,"KHALATBARI, ABBAS ALI",74
1292,"VAN WELL, GUENTHER",74
1291,"SWAIT, THEREZINHA P",74
1289,PARK,74
1288,"PARDO, ROGELIO",74
1287,NEWSOM,74
1286,"MAYNES, C WILLIAM",74
1285,"LUPO, FRANK",74
1284,"LUCEY, PATRICK J",74
1283,"KIRK, NORMAN E",74
1290,SOMOZA,74
1281,"KEMP, BRUCE",74
1275,"FLOWERS, WALTER",74
1273,"EVRON, EPHRAIM",74
1271,"BRUNGART, ROBERT",74
1274,"FERNANDEZ FONT, MARCELO",74
1272,"DICKMAN, FRANCOIS M",74
1276,"GIURATO, ALBERT L",74
1277,"GLEYSTEEN, WILLIAM H JR",74
1278,"HEGINBOTHAM, ERLAND",74
1279,"INGERSOLL, ROBERT",74
1280,"JELJASZEWICZ, JANUSZ",74
1303,"DOHERTY, MARGARET",73
1311,VANCE,73
1310,UPPADIT PACHARIYANGKUN,73
1309,SIMON,73
1308,RICHARDSON,73
1307,"PATRICK, DOUGLAS LEE",73
1306,"MAREVA, YORDANKA",73
1305,"JETT, JOYCE M",73
1304,JACKSON,73
1301,"DE MELLO, SYLVIA",73
1302,"DIENSTBIER, JIRI",73
1299,BROWN,73
1298,"BOWERS, JEFFREY W",73
1297,"BLUM, JACK",73
1296,"BIDEN, JOSEPH",73
1295,ANTAKYA THREE,73
1294,"ANDERSEN, KNUD BORGE",73
1293,"ADDERLEY, PAUL L",73
1300,"COLLINS, CARDISS",73
1326,SCHLESINGER,72
1323,"RODRIGUEZ LARA, GUILLERMO A",72
1324,"ROWLANDS, TED",72
1325,SCALI,72
1330,"ZAMBRANO VELASCO, JOSE ALBERTO",72
1327,"SHADRIN, NICHOLAS G",72
1321,"NOEL, JOHN VAVASOUR",72
1329,"TALBOYS, BRIAN E",72
1322,"OAKLEY, ROBERT B",72
1328,"STEBBINS, ROBERT",72
1320,"MARA, KAMISESE",72
1318,"KAPLAN, KAREN SUE",72
1317,"JACKSON, JESSE",72
1316,"HINTON, DEANE R",72
1315,"GUNDELACH, FINN",72
1314,"BURNS, ARTHUR",72
1313,"BLACKWELL, ROBERT J",72
1312,"ARRON, HENCK",72
1319,"KORUTURK, FAHRI",72
1351,"PODGORNY, NIKOLAY VIKTOROVICH",71
1347,"MALMIERCA PEOLI, ISIDORO",71
1348,NASSRY ZIA,71
1349,NENG XIONG,71
1350,NGUYEN CO THACH,71
1356,"WEISSMAN, MARVIN",71
1352,"POWELL, DONALD LYNN",71
1353,"STEVENSON, ADLAI E III",71
1354,"VILLAGRAN KRAMER, FRANCISCO",71
1355,"WALKER, WILLIAM N",71
1344,"KESSEL, BARNEY",71
1346,"KYLE, ALAN",71
1345,KIM TAE CHUNG,71
1343,KEO HOEUN,71
1337,"CARVAJAL PRADO, PATRICIO",71
1331,AHMAD ZIA,71
1333,"ASHLEY, THOMAS L",71
1334,"BAZARGAN, MEHDI",71
1335,"BEIL, GERHARD",71
1336,"BURG, YOSEF",71
1332,"ANDERSON, ROBERT",71
1338,DEAN KARMAND,71
1340,GAMASY,71
1341,"HUTCHINSON, BARBARA",71
1342,ISAQ SAFI,71
1339,"ESENBEL, MEHIH",71
1376,"RICHMOND, FREDERICK W",70
1372,"LAMIZANA, ABOUBACAR SANGOULE",70
1373,"LEGGETT, ROBERT L",70
1374,"MAREI, SAYED",70
1375,"PRITCHARD, JOEL",70
1379,"STEWART, RUSSELL S",70
1377,"ROBELO, ALFONSO",70
1378,"SCHAUFELE, WILLIAM",70
1380,TRUONG MUI KIA,70
1381,XIONG CHEUKOUA,70
1370,"GRIFFITH, L S",70
1371,"HODGSON, JAMES D",70
1359,"BEKELE, TIBABU",70
1369,ECHEVERRIA,70
1362,"BYRD, HARRY F JR",70
1368,"DOLE, ROBERT",70
1357,"ADAMS, J M G",70
1358,"ALDRICH, GEORGE H",70
1361,"BROH-KAHN, JERE",70
1360,"BINAISA, GODFREY",70
1363,CHOR KIM THOR,70
1364,"CLARK, WILLIAM",70
1365,"COLONEL, EDWARD MICHAEL",70
1366,"COOPER, JOHN SHERMAN",70
1367,"DA SILVA, MANUEL M",70
1405,"ROY, J STAPLETON",69
1399,"MARKS, LEONARD",69
1400,"MELGAR CASTRO, JUAN ALBERTO",69
1401,"ORSINI, DOMINIQUE",69
1402,"PAPANDREOU, ANDREAS",69
1403,"PEREZ GUERRERO, MANUEL",69
1404,PHICHAI RATTAKUN,69
1412,"WAKEMAN, STEVEN D",69
1407,"SHADRIN, NICHOLAS GEORGE",69
1408,"SIKES, ROBERT",69
1409,VAN DER STOEL,69
1410,"VAN ELSLANDE, RENAAT",69
1411,VELASCO,69
1397,"HUMPHREY, HUBERT",69
1398,"LONG, GILLIS",69
1406,"SCHUETZ, KLAUS",69
1396,"HELMS, RICHARD",69
1382,"BADRAN, MUDHAR",69
1395,"HEDDA, ALI",69
1384,"BROOKE, EDWARD W",69
1385,"BURGER, WARREN",69
1386,"CARTER, CHIP",69
1387,"CASTRO, RAUL H",69
1388,"CUNHAL, ALVARO",69
1383,BITSIOS,69
1389,"DAVIDOW, JOEL",69
1391,"EGAN, JOHN P",69
1392,"EILTS, HERMANN FREDERICK",69
1393,"GUEGAM, GRIGORIAN",69
1394,"HEALEY, DENIS",69
1390,"DIOUF, ABDOU",69
1434,"SECK, ASSANE",68
1429,"MURPHY, STEPHEN",68
1430,"NEAL, RICHARD W",68
1431,"PERON, MARIA ESTELA MARTINEZ DE",68
1432,"SARKIS, ILYAS",68
1433,"SCOTT, WILLIAM L",68
1438,"VERA, DEBORAH LYNN",68
1435,"STEVENSON, ALDEN",68
1437,THANIN KRAIWICHIAN,68
1439,"VIRATA, CESAR",68
1440,"WILLS, FRED",68
1427,"MEZVINSKY, EDWARD",68
1428,"MURPHY, CHRISTOPHER",68
1436,"TALADRID, RAUL",68
1426,"MCRARY, CLIFFORD THOMAS",68
1419,"CLEMENTS, WILLIAM P JR",68
1414,"ARTUKOVIC, ANDRIJA",68
1415,"ATHERTON, ALFRED",68
1417,BODNNAK LAVONGSAR,68
1413,"ADDIS, JOHN L",68
1418,"CAUAS, JORGE",68
1416,"BARNES, HARRY G JR",68
1420,"DENMAN, ROY",68
1421,"GUEVARA VALDES, ALFREDO",68
1422,HASSAN GOULED APTIDON,68
1423,"HICKERSON, GERALDINE CLARK",68
1424,"LOMBARDO, FAUSTO",68
1425,"MANSBACH, B THOMAS",68
1450,"MESTANAS, STEVE SOTERIOS",67
1459,"WEITZMAN, DENNIS JAY",67
1458,VORSTER,67
1457,"VIGNES, ALBERTO JUAN VICENTE",67
1456,"SODER, KARIN",67
1455,"SHCHARANSKY, ANATOLY",67
1454,SENI PRAMOT,67
1453,SENGHOR,67
1452,RABASA,67
1451,PHAM VAN DOI,67
1449,KIM IL-SONG,67
1447,"KEELEY, ROBERT V",67
1446,"JAY, PETER",67
1445,"HALDORSEN, BERIT",67
1444,"GREGORIE, ROBERT K",67
1443,"ENRILE, JUAN PONCE",67
1442,"DEGREGORY, ANTHONY",67
1441,"BORRE, PETER",67
1448,KIM DAE JUNG,67
1484,"SEDMAK, MICHAEL",66
1478,"PRICE, GEORGE C",66
1479,"RAY, DIXY LEE",66
1480,"RAY, P H",66
1481,"SANDO, TORSTEIN",66
1482,SAUVAGNARGUES,66
1483,"SCHNEIDER, MARK L",66
1488,VANG THAO,66
1485,"SHARANSKY, ANATOLY",66
1486,SOBHUZA II,66
1487,"VAN DER KLAAUW, CHRISTOPH",66
1489,"VERA, KAREN JANICE",66
1490,"WIDEMAN, BERNARD",66
1476,"OJEDA PAULLADA, PEDRO",66
1477,OXMAN,66
1465,"FULBRIGHT, J W",66
1475,"MORGAN, ROBERT",66
1467,"HERRERA, TRINIDAD",66
1461,"BUTCHMAN, ALAN",66
1463,"CORVALAN, LUIS",66
1464,"FREEMAN, CONSTANCE",66
1460,"BORDE, KETIL",66
1466,"GINZBURG, ALEXANDER",66
1462,"BYROADE, HENRY A",66
1468,"HJULSTAD, BRYNJULF",66
1472,"LUND, ROLF LASSE",66
1469,"JACOMET, ANDRE",66
1473,"MARCOS, IMELDA ROMUALDEZ",66
1474,"MICOMBERO, MICHEL",66
1471,"LASSOU, GOUARA",66
1470,"JOHNSEN, THOR ARILD",66
1503,"KATZ, JESSICA",65
1514,"WILLEMS, LEONARD",65
1513,"WALDMANN, RAYMOND J",65
1511,"SMITH, ROBERT P",65
1510,"SIMONSEN, MARIO HENRIQUE",65
1509,"ROMANO, RICHARD",65
1508,"RENOUF, ALAN",65
1507,"MATHIAS, CHARLES MCC",65
1506,"MALMGREN, HARALD B",65
1505,"LODGE, HENRY CABOT",65
1512,"SULLIVAN, LEON",65
1504,"LEE, CAROL A",65
1502,"JORDEN, WILLIAM J",65
1495,"BUCHHEIM, ROBERT",65
1501,"GONZALEZ, FELIPE",65
1491,[SENSITIVE INFORMATION REMOVED PER NARA 08 APRIL 2013],65
1493,"AMOUZEGAR, JAMSHID",65
1494,"BIRNIE, WILLIAM E",65
1492,"AHMED, FAKHRUDDIN ALI",65
1496,"BUFFUM, WILLIAM B",65
1497,"DROBOT, JAN",65
1498,"EGLIN, COLIN",65
1499,"GEARHART, DANIEL",65
1500,"GELB, LESLIE",65
1542,"NOSONCHIK, KLAVDIA NEE LUPPA",64
1535,"LEIFLAND, LEIF",64
1536,"LINOWITZ, SOL",64
1537,"MEHTA, JAGAT",64
1538,"MICHALKE, RONALD",64
1539,"MORLEY, JOSEPH ALVIN",64
1533,"KONTOS, C WILLIAM",64
1541,"NGARNAYAL, MBAILEMDANA",64
1548,"SUJKA, BOGUMIL",64
1543,"NOSONCHUK, YAKOV",64
1544,"RAY, DIXIE LEE",64
1545,"RIBICOFF, ABRAHAM A",64
1546,"RUMOR, MARIANO",64
1547,"SCHNEIDER, DAVID T",64
1549,"TALLER, GLADYS",64
1550,"TOGOI, KAMIS",64
1551,"ZAMTATO, GANG-BANG",64
1534,"LAPPEMAN, EDMUND H",64
1540,"MUDGE, DIRK",64
1532,"KIRMISS, YOUSSOUBOMI",64
1522,"GALLAGHER, CHARLES",64
1531,"KERSTEN, OTTO",64
1515,"ABDELKADER, KAMOUGUE WADEL",64
1516,"AGGREY, O RUDOLPH",64
1517,"BLACK, H CLAY",64
1519,ESENBEL,64
1520,"EWING, ELDON EUGENE",64
1521,"FASCELL, DANTE",64
1518,"BRADEN, JOAN",64
1523,"GODLEY, G MCMURTRIE",64
1525,"HASKELL, FLOYD K",64
1526,"HEATH, EDWARD",64
1527,"HERSCHBERGER, JAMES",64
1528,"HOLLINGS, ERNEST",64
1529,"IRVING, FREDERICK",64
1530,"KENNEDY, DAVID",64
1524,"GONCALVES, VASCO",64
1568,"SAHEKI, AKIRA",63
1565,NDEZE MATABARO,63
1566,NGUYEN DUY TRINH,63
1567,OUPEKHA KEOMONGCHANH,63
1572,"ULLSTEN, OLA",63
1569,"SAYRE, ROBERT M",63
1570,"SCHULTZE, CHARLES",63
1571,"STANOVNIK, JANEZ",63
1563,"MOORE, JOHN L",63
1564,"MULDER, CONNIE",63
1562,"MCCORMACK, MIKE",63
1553,"AVEROFF, EVANGELOS",63
1561,"LOGAN, PAUL",63
1560,KAUNDA,63
1559,"HOLLINGS, ERNEST F",63
1558,"GUZMAN FERNANDEZ, SILVESTRE ANTONIO",63
1557,"GOMA, PAUL",63
1556,"DELL, EDMUND",63
1555,"CUBILLOS SALLATO, HERNAN",63
1554,"CARTER, HODDING",63
1552,ANDERSON,63
1596,"MURPHY, JOHN M",62
1595,"MORALES BERMUDEZ, FRANCISCO",62
1594,"MOFFETT, TOBY",62
1590,"LOUIS, VIKTOR",62
1593,"MICHEL, ROBERT H",62
1592,MEI-SHYA WANG,62
1598,"OXMAN, BERNARD H",62
1597,NGUYEN CHANH,62
1604,SISCO,62
1599,PINOCHET,62
1600,"PURDY, ELIZABETH ANNE",62
1601,"RICHARDS, BRENDA LEE",62
1602,RUMSFELD,62
1603,"SCIABICA, WILLIAM",62
1605,"WALIN, PAULA MARGARETA",62
1606,"WILLIAMS, COLVIN E",62
1591,"MCINTOSH, THOMAS",62
1580,"ENDICOTT, IRVING EUGENE",62
1589,"LEARSON, T VINCENT",62
1579,"DUFF, ANTHONY",62
1588,"LAMIZANA, SANGOULE",62
1573,"ALMEIDA, PRESCILIANA",62
1574,"AMERASINGHE, HAMILTON SHIRLEY",62
1575,"AST, HARRY",62
1576,"BOUTROS, FUAD GEORGES",62
1578,"DOBRYNIN, ANATOLY F",62
1577,"BYRNE, THOMAS R",62
1581,"EVANS, MARIAN VIRGINIA",62
1582,"FREW, GLADYS",62
1583,"GANLEY, OSWALD H",62
1584,"GINZBURG, ALEKSANDR",62
1585,HO CHU,62
1586,"HUMPHREY, RONALD LOUIS",62
1587,"KINDEM, HEATHER ANN MARIE",62
1629,"MAREVA, RUMYANA",61
1637,"RASHAD, RAAD M",61
1630,"MAYORGA, RAMON",61
1631,"MELOY, FRANCIS E",61
1632,"MILLER, GEORGE",61
1633,"MIMELES, SIDNEY COHEN",61
1634,MOORE,61
1635,NGO THI NGOC,61
1636,"NYE, JOSEPH S",61
1645,VILI NIELSEN,61
1638,"ROCKEFELLER, HAPPY",61
1639,"ROTH, WILLIAM V JR",61
1640,"SELDEN, ARMISTEAD I JR",61
1641,"SNADMAN, LEONARD",61
1642,"STAPLETON, RUTH CARTER",61
1643,"STEYN, MT",61
1644,STOESSEL,61
1646,"WILLIAMS, HARRISON A JR",61
1627,"LANDAU, GEORGE W",61
1628,"LOWENSTEIN, JAMES G",61
1608,"ARIAS NAVARRO, CARLOS",61
1626,LAM HENG MADI,61
1616,"GOLDWATER, BARRY",61
1625,"KENNEDY, JOHN F",61
1607,"ABRASIMOV, PYOTR",61
1609,"BATES, COLEMAN",61
1610,"BIN SHAKER, ZAYD",61
1612,"BURNHAM, FORBES",61
1613,CHANG HUA-MIN,61
1614,"CILURSU, ANNA C",61
1615,"GISCARD D ESTAING, VALERY",61
1611,BIRENDRA BIR BIKRAM SHAH DEV,61
1617,"GRAHAM, JOHN S",61
1619,"HARTH DENEQUE, ALBERTO",61
1620,"HARTKE, VANCE",61
1621,"HILL, ROBERT DALE",61
1622,"JOHNSON, LADY BIRD",61
1623,"JONES, LEON BURRIS",61
1624,"JOVA, JOSEPH J",61
1618,HAN HSU,61
1665,OHIRA,60
1661,"LIEBERMAN, DANIEL",60
1662,"MALMBORG, K E",60
1663,"MORSE, BRADFORD",60
1664,"O'NEILL, THOMAS P",60
1668,"SURHAYHAN, GIRAY",60
1666,"SCALI, JOHN",60
1667,"SIKES, ROBERT L F",60
1669,TRAN VAN SANG,60
1670,"WILLIAMS, F HAYDN",60
1659,KIM CHONG-PIL,60
1660,KIM IL-SUNG,60
1655,"GALE, ANN JEANETTE",60
1658,"HOROWITZ, DANIEL",60
1656,"GILLIGAN, JOHN J",60
1654,FRASER,60
1653,"CRAWFORD, FRANCIS JAY",60
1652,"CHAMORRO, PEDRO JOAQUIN",60
1651,"CAMARGO, ALBERT W",60
1650,"BUTTERFIELD, ALEXANDER P",60
1649,"BREWSTER, ROBERT C",60
1648,"BRAWER, PAUL",60
1647,"BAKHTIAR, SHAPOUR",60
1657,"HARRIS, PATRICIA ROBERTS",60
1689,"SCOTES, THOMAS J",59
1685,PHUMIPHON ADUNYADET,59
1686,"READ, BEN H",59
1687,"ROSENBLATT, PETER R",59
1688,"SANCHEZ, MANUEL GARZA",59
1695,"WHITE, ROBERT E",59
1690,"SHELTON, SALLY A",59
1691,TRAN QUOC BUU,59
1683,"MOSES, DON WAYNE",59
1693,"UMALI, D L",59
1694,VIGNES,59
1684,"OSMAN, AHMED",59
1692,U LA WON,59
1682,"MACAPAGAL, DIOSDADO",59
1675,"CARTER, FRANK STANLEY",59
1681,"KOSYGIN, ALEKSEY",59
1671,"AUBERT, PIERRE",59
1672,"BARTHOLOMEW, REGINALD",59
1674,"BINNENDIJK, HANS",59
1673,"BAYH, BIRCH",59
1676,"CASTILLO, GUSTAVO",59
1677,FRELINGHUYSEN,59
1678,"FULLERTON, FRED J",59
1679,"GARCIA BEDOYA, CARLOS",59
1680,"HURTADO, HECTOR",59
1721,"THOMAS, WILLIAM",58
1715,"MOORE, JOHN",58
1716,"NARAYAN, J P",58
1717,"NIXON, PAT",58
1718,"PARSONS, ARABY",58
1719,"QUAINTON, ANTHONY C E",58
1720,"SASSOU-NGUESSO, DENIS",58
1727,"YASUKAWA, TAKESHI",58
1722,"TOWER, JOHN G",58
1723,USSS,58
1724,VAN LENNEP,58
1725,"WENDT, E ALLAN",58
1726,"WHITE, ROBERT M",58
1712,"MCCONNELL, MICHAEL",58
1713,"MICHAELIDIS, MARIOS",58
1714,MOKTAR OULD DADDAH,58
1711,"MARWAN, ASHRAF",58
1703,"DAVIS, JOHN",58
1710,"LEIGH, MONROE",58
1697,BISENGIMANA,58
1698,"BODANSKY, VIKTOR",58
1699,"CARRILLO, SANTIAGO",58
1700,CASEY,58
1701,"CHAPMAN, CHRISTOPHER STEWART",58
1702,"DADDAH, OULD",58
1696,"ANDERSEN, K B",58
1704,"GRUSKHKO, FANYA",58
1706,"HUSAIN, TABARAK",58
1707,JAVITS,58
1708,"KERDIMUN, BORIS",58
1709,"KRAFT, WALTER F",58
1705,"HAMMER, ARMAND",58
1755,"RUSK, DEAN",57
1748,"NIXON, PATRICIA",57
1749,"NSEKALIJE, ALOYS",57
1750,"ONU, PETER",57
1751,"ORTIZ, FRANK V",57
1752,PARK CHUNG-HEE,57
1753,"RITHAUDDEEN BIN ISMAIL, AHMAD",57
1754,"ROLDOS AGUILERA, JAIME",57
1758,USTINOV,57
1756,"SCOTT, WILLIAM",57
1757,"SHELTON, SALLY",57
1759,"VAJPAYEE, ATAL BEHARI",57
1760,VON STADEN,57
1761,"WILLIAMS, WILLIAM H",57
1762,"ZAYID, IBN SULTAN",57
1746,MOUA LOR YANG,57
1747,"MURTOPO, ALI",57
1730,"AYALA LASSO, JOSE",57
1745,"MCNAMARA, ROBERT",57
1736,"FENWICK, MILLICENT",57
1728,"ADDABBO, JOSEPH P",57
1729,"AMECHAZURRA, ODETTE",57
1744,"MCGIFFERT, DAVID E",57
1731,"BALUGO, JAIME",57
1732,"BLUM, SUSAN",57
1733,BRAZINSKAS,57
1735,"DODSON, CHRISTINE",57
1734,"DEAN, CHARLES",57
1737,"GARCIA ROBLES, ALFONSO",57
1738,"IBRAHIM, HASSAN",57
1739,"JOHNSON, WILLIE E",57
1740,KIM DAE-JUNG,57
1741,"KUZNETSOV, EDWARD",57
1742,"LAINGEN, L BRUCE",57
1743,"LISSAKERS, KARIN",57
1783,"STEWART, BILL",56
1778,"POLITIS, TELPI R",56
1779,"RICHARDSON, JOHN",56
1780,"SAKHAROV, ANDREY",56
1781,"SHARON, ARIEL",56
1782,"SIMS, ALLEN GORDON",56
1776,MURPHY,56
1784,"TRIFA, VIOREL",56
1785,"USTINOV, DMITRIY F",56
1786,"VIETS, RICHARD N",56
1787,"WATSON, BARBARA M",56
1788,YU JUI-YEN,56
1777,NGO LOI,56
1767,"GHORBAL, ASHRAF",56
1775,"MOLINEAUX, PAUL L",56
1768,"HUBBARD, ROBERT",56
1774,"MCMICHAEL, JEAN",56
1764,"BURTON, PHILLIP",56
1766,"DAVISON, RONALD K",56
1763,"ALLEN, JEANNE A",56
1765,"CHISSANO, JOAQUIM",56
1769,"IDLET, N",56
1770,"KREGER, JAMES",56
1771,"LANGE, DAVID R",56
1772,"LULE, YUSUFU K",56
1773,"MANDEL, ALAN",56
1820,"SHARAF, ABDUL HAMID",55
1811,"MAYNES, CHARLES W",55
1812,"MCHUGH, T J",55
1814,"MODAI, YITZHAK",55
1815,"MULLER, JORGE",55
1816,"NELSON, BYRON DENNIS",55
1817,"NOSENZO, LOUIS V",55
1818,"O\'KENNEDY, MICHAEL",55
1819,"OCAMPO, MARIA L",55
1825,TRUDEAU,55
1821,SIAD,55
1822,SONNENFELDT,55
1823,"TARRADELLAS, JOSEP",55
1824,"TOTH, ROBERT",55
1809,"KING, DONALD R",55
1826,U LWIN MAUNG,55
1827,"USHIBA, NOBUHIKO",55
1828,"WATSON, BARBARA",55
1829,YU TENG FA,55
1810,"MATTINGLY, ALAN C",55
1813,MOBUTO SESE SEKO,55
1808,"KENNEDY, RICHARD T",55
1797,"DENNIS, C CECIL",55
1807,"JORDAN, BETTY ANN",55
1789,"ANDRES PEREZ, CARLOS",55
1790,"BEAVOGUI, LANSANA",55
1791,"BIDEN, JOSEPH R",55
1792,BONGO,55
1793,"BROWN, ROBERT",55
1795,"CARTER, W BEVERLY",55
1796,"CHRISTOPHIDES, IOANNIS",55
1794,"CALIFANO, JOSEPH A JR",55
1798,DINH TAN DANH,55
1803,"GERARD, SUMNER",55
1799,"DLAMINI, MAPHEVU",55
1805,HIROHITO,55
1804,"HABRE, HISSEN",55
1806,"JONES, BEVERLYE CICELIA",55
1802,"FRASER, MALCOLM J",55
1801,"DWYER, BRIAN A",55
1800,DOBRYNIN,55
1860,"SCHEUER, JAMES",54
1852,"NOVAK, ROBERT",54
1853,PATTERSON,54
1854,"PETERSON, RUSSELL W",54
1855,REPPAS,54
1856,ROBERTS,54
1857,ROSENTHAL,54
1858,"SA CARNEIRO, FRANCISCO",54
1859,"SAXBE, WILLIAM B",54
1850,"MCKINSTER, G S",54
1861,"SHARP, MITCHELL",54
1862,"SLOSS, LEON",54
1863,"SOMARRIBA SALAZAR, JAIME",54
1864,"SUAREZ, ADOLFO",54
1865,"THOMPSON, FRANK",54
1866,TORRIJOS,54
1867,"WILSON, BOB",54
1868,"YATES, SIDNEY R",54
1869,"ZENZ, KATHY",54
1851,"MLADENOV, PETUR",54
1835,"BUSHNELL, JOHN A",54
1849,"MANTEL, ROBERT",54
1839,"DWOR, LEONARD S",54
1848,"LAZARIS, VLADIMIR",54
1831,BANZER,54
1832,"BARNUM, JOHN W",54
1834,"BROWN, HALLA",54
1830,"ADAM, MARIA",54
1836,"CHEN, PING",54
1837,DAVIGNON,54
1838,"DE LABOULAYE, FRANCOIS",54
1833,"BOKASSA, JEAN-BEDEL",54
1840,"DYKES, WILLIAM",54
1842,"HART, GARY",54
1843,"INNISS, TYRONE",54
1844,"JARAMILLO, MARI-LUCI",54
1845,"KAUFMAN, RICHARD",54
1846,KIM CHI HA,54
1847,"LAYTON, DOROTHY",54
1841,"FELLER, EDUARDO",54
1907,"PAZ GARCIA, POLICARPO",53
1911,SAUL,53
1910,"SAEZ, RAUL",53
1909,"ROMANYUK, VYACHESLAV ANDREYEVICH",53
1908,"PEREDA ASBUN, JUAN",53
1903,"MOLINA BARRAZA, ARTURO ARMANDO",53
1906,"OULD DADDAH, MOKTAR",53
1905,"NEWHOUSE, JOHN",53
1904,"MOYLE, JOSEPH W",53
1902,"MEYNER, HELEN S",53
1901,"MC KRILL, DOUGLAS",53
1913,"SHAGARI, SHEHU",53
1912,"SEVILLA SIERO, ALVARO JOSE",53
1923,YANG LENG,53
1914,"SHAW, PATRICK",53
1915,"SHIHABI, HIKMAT",53
1916,"SIMIAO, JOANA",53
1917,"STEPHENS, TOMMY LEE",53
1919,"STRONGYLOS, JOHN CHRYSANTHOU",53
1920,TRAN BAN,53
1921,"VAN DOREN, CHARLES",53
1922,"WOODALL, JEAN",53
1899,"LYNN, JAMES T",53
1924,"YAZDI, EBRAHIM",53
1925,"YAZDI, IBRAHIM",53
1926,"ZARB, FRANK",53
1927,"ZIA-UL-HAQ, MOHAMMAD",53
1900,"MARTIN, GRAHAM",53
1918,"STRAUS, RICHARD",53
1898,"LUKOSHKIN, ALEKSEY KUZMICH",53
1883,"BORDABERRY AROCENA, JUAN MARIA",53
1897,"KULISHOV, VASILIY FYODOROVICH",53
1870,"[Sensitive Information Removed, NARA 3/01/2006]",53
1871,"[Sensitive Information Removed, NARA, 3/1/06]",53
1872,"AKINS, JAMES E",53
1873,"AL-SABAH, SABAH AL-AHMAD",53
1875,"ANTUNES, ERNESTO DE MELO",53
1876,"ARKHIPOV, VLADIMIR VASILYEVICH",53
1877,"ASENCIO, DIEGO C",53
1878,"BAKAREV, YURIY GRIGORYEVICH",53
1879,"BEDOYA, GARCIA",53
1880,"BELL, GRIFFIN B",53
1881,"BELOBROV, YA",53
1882,"BLOOMFIELD, RICHARD J",53
1874,"ANDERSON, JOHN",53
1884,"CAGLAYANGIL, ISHAN",53
1891,"FORSYTH, EDWARD B",53
1896,KAHARUDIN NASUTION,53
1885,"CHATTEN, BARRY KALANI",53
1895,"HANFF, KONSTANTY ZYGFRYD",53
1893,"GATES, THOMAS S",53
1892,"GARDNER, JOHN",53
1894,"GLEYSTEEN, WILLIAM H",53
1890,"FOKIN, B",53
1889,"FIGUERES, JOSE",53
1888,"DRISCOLL, DAVID J",53
1887,"DRAPER, MORRIS",53
1886,"COSTLE, DOUGLAS M",53
1951,"MOBERLY, PATRICK",52
1959,"SILVEIRA, ANTONIO AZEREDO DA",52
1952,"MURPHY, PAUL T",52
1953,"OLEWALE, EBIA",52
1954,"PAPADOPOULOS, GEORGE",52
1955,"RALLIS, GEORGIOS",52
1956,"ROWLING, WALLACE E",52
1957,"SASSER, JAMES R",52
1958,SIILASVUO,52
1965,"TZOUNIS, JOHN",52
1960,"SMITH, GERARD C",52
1961,"SMITH, JEAN PAUL",52
1962,"STOKES, LOUIS",52
1963,"SUHERMAN, GATOT",52
1964,"THOMAS, IRENE",52
1966,VUONG VAN BAC,52
1967,"WALUS, FRANK",52
1968,"WEISS, SEYMOUR",52
1949,"MAYNES, CHARLES WM",52
1950,"MCCAVITT, MARTIN E",52
1942,KIM TONG-CHO,52
1948,"MANESCU, MANEA",52
1936,"DAVIS, L M",52
1928,"AL-NUHAYAN, ZAYID IBN SULTAN",52
1947,"LUNT, LAWRENCE K",52
1930,"BISSELL, JANE",52
1931,"BLANCO, HUGO",52
1932,"BOTHA, ROELOF F",52
1933,"BYRNES, PAUL J",52
1934,"CAPTAIN, FARROKH",52
1935,"CASTILLO VALDEZ, RAFAEL EDUARDO",52
1929,"BARRY, ROBERT",52
1937,"DEMPSEY, JAMES FRANCIS",52
1943,KISSINGER,52
1938,"DUPONT, ROBERT L",52
1945,"LONG, JEFF",52
1944,"LEHMAN, WILLIAM",52
1946,"LUCAS GARCIA, FERNANDO ROMEO",52
1941,"GRANT, JAMES P",52
1940,"EYADEMA, ETIENNE",52
1939,"EDWARDS, DON",52
1996,"SABBAGH, ISA",51
1989,"MONJO, JOHN C",51
1990,"NEELY, PAULA M",51
1991,"PETERSON, RUSSELL",51
1992,"RAMSAY, WILLIAM C",51
1993,"RICHARDSON, ELLIOTT L",51
1994,ROBINSON,51
1995,"ROSTENKOWSKI, DAN",51
2000,"WACHTMEISTER, WILHELM",51
1997,SCHACHT,51
1998,"SEAGA, EDWARD",51
1999,"UEKI, SHIGEAKI",51
2001,"WEEKS, JAMES MARTIN",51
2002,"WILSON, PAUL",51
2003,"WINTERS, ANN ROBERTA",51
1987,"LEWIS, SAMUEL",51
1988,"LYNCH, JOHN M",51
1969,"AL-BAKR, AHMAD HASAN",51
1986,"KOBELINSKI, MITCHELL P",51
1977,"COSTLE, DOUGLAS",51
1985,"KINTNER, WILLIAM R",51
1970,"AL-MAHDI, MOHAMMED SADIQ",51
1971,"BURKE, WILLIAM JAMES",51
1973,CHIANG L FAN,51
1974,"CLARK, RAMSEY",51
1975,"COOPER, THEODORE",51
1976,"CORNWELL, T M",51
1972,"CARLSON, CHARLES B",51
1978,"CUTLER, WALTER L",51
1980,FREEMAN,51
1981,"GANTZ, DAVID A",51
1982,"JIMENEZ REYES, RAMON EMILIO",51
1983,"KARMAL, BABRAK",51
1984,KIMURA,51
1979,"FALLDIN, THORBJORN",51
2038,"LUONGO, ROBERT A",50
2042,"MOORE, ALTON WAYNE",50
2041,"MCBRIDE, SEAN",50
2040,"MCAULIFFE, DENNIS P",50
2039,LY KIM CUC,50
2033,KARAMANLIS,50
2037,"LOPEZ REGA, JOSE",50
2035,"LANDE, STEPHEN",50
2034,KIM CHI-HA,50
2032,"JORDAN, WILLIAM H",50
2044,"O'NEILL, THOMAS P JR",50
2043,"MOSER, S H",50
2053,"VETTI, WAYNE",50
2045,"POAGE, WR",50
2046,"POWELL, EMMERSON M",50
2047,"ROSENTHAL, HAROLD",50
2048,"SAHUQUILLO, JOSE LUIS",50
2049,"SAPPER, DOUGLAS A",50
2050,"SPAIN, JAMES W",50
2051,"SPASOWSKI, ROMUALD",50
2052,"VAREA RIVERO, JUAN ANTONIO",50
2030,"GILINSKY, VICTOR",50
2054,"WARNER, MARVIN L",50
2055,"WHALEN, CHARLES W",50
2056,WIDJOJO NITISASTRO,50
2031,"GRANGER, JOHN",50
2036,"LICHTBLAU, GEORGE E",50
2029,"GARRETT, SYLVIA F",50
2016,"CHERNYAYEV, RUDOLF",50
2028,"GARCIA NEGRIN, BIENVENDO",50
2004,"ACOSTA, BLANCA",50
2005,"AHMIEL, YOSEF VULF MANAKLHEM",50
2006,"AKE, SIMEON",50
2007,"ALLADAYE, MICHEL",50
